strategy,elapsed_time,error
HighPower,2.27375679702049,2.5
LowPower,0.779773556797019,8.7
