strategy,elapsed_time,error
LowPower,1.4349787709497186,21.1
MediumPower,15.013620111731854,13.1
