strategy,elapsed_time,error
HighPower,6.455380260707643,6.85
LowPower,1.1002018621973937,13.0
MediumPower,2.0390938547486086,8.2
